url,name,address,city,state,phone
http://www.smtaxpros.com/,Results,"îƒˆ15 Ossipee Trail W Ste 101, Standish, ME 04084",Standish,ME,î‚°(207) 656-6400
https://www.millikenperkins.com/,Results,"îƒˆ452 Roosevelt Trail, Windham, ME 04062",Windham,ME,î‚°(207) 892-2234
http://www.yrlgroup.com/,Results,"îƒˆ26 Main St, Limerick, ME 04048",Limerick,ME,î‚°(207) 793-2833
https://www.hrblock.com/tax-office-near-me/maine/limerick/18949/?otppartnerid=9308&campaignid=pw_mcm_9308_9762&utm_medium=local,Results,"îƒˆ171 Washington St, Limerick, ME 04048",Limerick,ME,î‚°(207) 793-2041
https://www.facebook.com/pages/category/Local-Service/The-Inkwell-102082924812838/,Results,"îƒˆ20 Main St, Cornish, ME 04020",Cornish,ME,î‚°(207) 625-3095
https://yourtrustedaccountant.com/,Results,"îƒˆ838 Main St, Westbrook, ME 04092",Westbrook,ME,î‚°(207) 370-3490
http://www.smithassociatescpa.com/,Results,"îƒˆ500 US-1 Ste 102, Yarmouth, ME 04096",Yarmouth,ME,î‚°(207) 846-8881
http://suzettemclaughlinea.com/contact-us.html,Results,"îƒˆ118 Pigeon Brook Rd, East Baldwin, ME 04024",East Baldwin,ME,î‚°(207) 625-7761
http://www.downeastaccounting.com/,Results,"îƒˆ1332 Post Rd #5A, Wells, ME 04090",Wells,ME,î‚°(207) 646-1828
http://www.mainecpas.com/,Results,"îƒˆ11 Sanborn Ln, Eliot, ME 03903",Eliot,ME,î‚°(207) 451-9197
http://www.beacontaxaccounting.com/,Results,"îƒˆ960 Western Ave, Manchester, ME 04351",Manchester,ME,î‚°(207) 622-9604
http://www.oacpas.net/,Results,"îƒˆ1111 Lisbon St, Lewiston, ME 04240",Lewiston,ME,î‚°(207) 786-0328
http://centralmaineaccounting.com/,Results,"îƒˆ681 Hallowell Litchfield Rd, West Gardiner, ME 04345",West Gardiner,ME,î‚°(207) 724-7300
http://www.onerivercpas.com/,Results,"îƒˆ46 First Park Dr, Oakland, ME 04963",Oakland,ME,î‚°(207) 873-1603
http://www.heritagebusinessmaine.com/Contact-Us.html,Results,"îƒˆ171 Washington St, Limerick, ME 04048",Limerick,ME,î‚°(207) 793-3408
http://palmeraccountingllc.com/?utm_source=google&utm_medium=wix_google_business_profile&utm_campaign=14450073215573249546,Results,"îƒˆ74 Winthrop St Ste 4B, Augusta, ME 04330",Augusta,ME,î‚°(207) 504-3029
http://mecpa.org/,Results,,Limington,ME,î‚°(207) 761-0925
https://arrowhead.financial/,Results,,Limington,ME,
https://turbotax.intuit.com/local-tax-offices/me/portland/d6d51cadb8664fc08baae2d6727aa6f7/,Results,"îƒˆ254 Commercial St Office 238 / 213, Portland, ME 04101",Portland,ME,î‚°(207) 376-1852
http://www.rko-cpas.com/,Results,"îƒˆ20 Long Creek Dr, South Portland, ME 04106",South Portland,ME,î‚°(207) 773-2986
http://www.rhrsmith.com/,Results,"îƒˆ3 Old Orchard Rd, Buxton, ME 04093",Buxton,ME,î‚°(800) 300-7708
http://cajonescpa.com/,Results,,Limington,ME,î‚°(207) 233-6111
https://www.austinpa.com/,Results,"îƒˆ2 Great Falls Plaza 5th Floor, Auburn, ME 04212",Auburn,ME,î‚°(207) 783-9111
http://www.mcleodascanio.com/,Results,"îƒˆ15 Sky View Dr, Cumberland Foreside, ME 04110",Cumberland Foreside,ME,î‚°(207) 878-2727
